number,train_f1score,valid_f1score,datetime_start,datetime_complete,duration,params_learning_rate,params_max_depth,params_min_child_weight,params_num_boost_round,system_attrs_nsga2:generation,state
0,0.9411634678218215,0.5141929435850461,2024-10-08 13:57:07.401709,2024-10-08 14:07:32.244448,0 days 00:10:24.842739,0.0699866918305476,8,0.8742144637669689,299,0,COMPLETE
1,0.5440985654510482,0.5263098217855977,2024-10-08 14:07:32.245028,2024-10-08 14:08:44.653523,0 days 00:01:12.408495,0.08348947560892629,3,0.6079727772214795,83,0,COMPLETE
2,0.5396392077907363,0.5168616244840681,2024-10-08 14:08:44.654437,2024-10-08 14:13:02.348520,0 days 00:04:17.694083,0.01499269703035155,4,0.5585524482559776,230,0,COMPLETE
3,0.6468238216061956,0.536607535095004,2024-10-08 14:13:02.349202,2024-10-08 14:17:20.333011,0 days 00:04:17.983809,0.07287002097372712,5,0.7419352639504808,191,0,COMPLETE
4,0.9110920342431446,0.5210285490056091,2024-10-08 14:17:20.333368,2024-10-08 14:26:07.655610,0 days 00:08:47.322242,0.09769049948208294,7,0.7909328005197502,288,0,COMPLETE
5,0.6145515600927152,0.5348505799099474,2024-10-08 14:26:07.655984,2024-10-08 14:31:04.952968,0 days 00:04:57.296984,0.07327216918976312,4,0.832807532163585,266,0,COMPLETE
6,0.5769850419323025,0.5308943283165013,2024-10-08 14:31:04.953389,2024-10-08 14:38:01.823775,0 days 00:06:56.870386,0.0390255398806888,4,0.9174644455664842,281,0,COMPLETE
7,0.795517336993122,0.534330565853949,2024-10-08 14:38:01.824166,2024-10-08 14:57:48.761016,0 days 00:19:46.936850,0.007684461831556123,10,0.9583102927514848,239,0,COMPLETE
8,0.5670744966709782,0.531669493718234,2024-10-08 14:57:48.761956,2024-10-08 15:08:30.004534,0 days 00:10:41.242578,0.014146033259173876,5,0.7364511345511564,246,0,COMPLETE
9,0.6258152554644354,0.5366779416011845,2024-10-08 15:08:30.005320,2024-10-08 15:11:33.700318,0 days 00:03:03.694998,0.013218539967236802,8,0.9234701678321251,58,0,COMPLETE
10,0.6391630778046754,0.5336230549282166,2024-10-08 15:11:33.701095,2024-10-08 15:15:59.210923,0 days 00:04:25.509828,0.06378412660848029,5,0.740227524691063,195,0,COMPLETE
11,0.5069058174905127,0.5018624614875987,2024-10-08 15:15:59.211274,2024-10-08 15:18:18.587389,0 days 00:02:19.376115,0.0020913598836108764,4,0.6831863899781148,125,0,COMPLETE
12,0.7814443620641705,0.5362815589378136,2024-10-08 15:18:18.587799,2024-10-08 15:27:36.091144,0 days 00:09:17.503345,0.02660750487480286,8,0.5356071607778772,268,0,COMPLETE
13,0.7112009521196464,0.5374407698402267,2024-10-08 15:27:36.091606,2024-10-08 15:35:25.242873,0 days 00:07:49.151267,0.044258082472027074,6,0.6548985955727062,294,0,COMPLETE
14,0.5462404915000636,0.5287695144675265,2024-10-08 15:35:25.243232,2024-10-08 15:37:20.634345,0 days 00:01:55.391113,0.057491680054305834,3,0.8212076804176125,133,0,COMPLETE
15,0.8947041134948693,0.5272926014389627,2024-10-08 15:37:20.635021,2024-10-08 15:42:09.391944,0 days 00:04:48.756923,0.08261313221480428,9,0.9937279929876248,124,0,COMPLETE
16,0.7216850963526814,0.5307032250730944,2024-10-08 15:42:09.392695,2024-10-08 15:49:25.293260,0 days 00:07:15.900565,0.008649085394799302,9,0.5244827273093153,187,0,COMPLETE
17,0.7335721078260523,0.531741685990199,2024-10-08 15:49:25.293641,2024-10-08 15:52:15.298853,0 days 00:02:50.005212,0.09715175928084234,6,0.9675188261742316,162,0,COMPLETE
18,0.8068501807383808,0.5310310838011775,2024-10-08 15:52:15.299210,2024-10-08 15:52:18.519367,0 days 00:00:03.220157,0.05742866098947423,7,0.577287223056073,244,0,COMPLETE
19,0.836958784736817,0.532048356626719,2024-10-08 15:52:18.519725,2024-10-08 15:52:22.015406,0 days 00:00:03.495681,0.05029609400012953,8,0.5563121019927195,199,0,COMPLETE
20,0.8019972637247923,0.5302568208776093,2024-10-08 15:52:22.015761,2024-10-08 15:52:23.340341,0 days 00:00:01.324580,0.08880472473410833,8,0.8920343805992743,95,0,COMPLETE
21,0.8587240971716534,0.5289804101550187,2024-10-08 15:52:23.340689,2024-10-08 15:52:25.689318,0 days 00:00:02.348629,0.056624534708562574,9,0.677104760341481,131,0,COMPLETE
22,0.6035419334376539,0.5400567362217018,2024-10-08 15:52:25.689684,2024-10-08 15:52:27.354820,0 days 00:00:01.665136,0.07016013437020037,4,0.8265961926840348,232,0,COMPLETE
23,0.615446108848458,0.5306339145154546,2024-10-08 15:52:27.355170,2024-10-08 15:52:28.973103,0 days 00:00:01.617933,0.0931793625478853,4,0.6300283602055822,205,0,COMPLETE
24,0.5480091568013377,0.5220650810927108,2024-10-08 15:52:28.973445,2024-10-08 15:52:30.159670,0 days 00:00:01.186225,0.03369440864595436,4,0.9518706124810348,134,0,COMPLETE
25,0.6724064612874855,0.5389557389670832,2024-10-08 15:52:30.159980,2024-10-08 15:52:32.216906,0 days 00:00:02.056926,0.0724817058721534,5,0.7865446863548275,234,0,COMPLETE
26,0.9384740343205277,0.5185677619762906,2024-10-08 15:52:32.217257,2024-10-08 15:52:35.850394,0 days 00:00:03.633137,0.08540756494885977,8,0.5652595504661115,235,0,COMPLETE
27,0.6987431212981853,0.5361498549313415,2024-10-08 15:52:35.850748,2024-10-08 15:52:37.977905,0 days 00:00:02.127157,0.09374966342190862,5,0.8355313455955404,231,0,COMPLETE
28,0.5328615519235532,0.5118375395656954,2024-10-08 15:52:37.978253,2024-10-08 15:52:38.551181,0 days 00:00:00.572928,0.03263494794606648,3,0.7626962649525957,97,0,COMPLETE
29,0.5049167751457928,0.4974707478552718,2024-10-08 15:52:38.551468,2024-10-08 15:52:39.818114,0 days 00:00:01.266646,0.001090003079677647,3,0.7693113637629982,189,0,COMPLETE
30,0.5287729032975094,0.5033459490722689,2024-10-08 15:52:39.818425,2024-10-08 15:52:41.727636,0 days 00:00:01.909211,0.007955257637221082,4,0.6660163532530446,238,0,COMPLETE
31,0.9787633709866381,0.5205608044820189,2024-10-08 15:52:41.727990,2024-10-08 15:52:47.347164,0 days 00:00:05.619174,0.05977538976411079,10,0.5626067409954583,211,0,COMPLETE
32,0.7856966267744204,0.5335728116554889,2024-10-08 15:52:47.347547,2024-10-08 15:52:49.792198,0 days 00:00:02.444651,0.09040493754005155,6,0.6734141079471794,233,0,COMPLETE
33,0.5309070730475599,0.5092655281092504,2024-10-08 15:52:49.792560,2024-10-08 15:52:51.615891,0 days 00:00:01.823331,0.00984912808426083,3,0.690733984932973,261,0,COMPLETE
34,0.5645461637678263,0.5190267165517559,2024-10-08 15:52:51.616241,2024-10-08 15:52:52.399541,0 days 00:00:00.783300,0.0011455840572002843,7,0.6391976582804922,60,0,COMPLETE
35,0.6904024758305248,0.5385457372374081,2024-10-08 15:52:52.399903,2024-10-08 15:52:54.448593,0 days 00:00:02.048690,0.08463752208765031,5,0.723872783145403,240,0,COMPLETE
36,0.8285941532345091,0.5286136599407574,2024-10-08 15:52:54.448949,2024-10-08 15:52:58.539810,0 days 00:00:04.090861,0.04016711800220561,8,0.7909156205464412,251,0,COMPLETE
37,0.803076501615166,0.5399743592208223,2024-10-08 15:52:58.540193,2024-10-08 15:53:01.930809,0 days 00:00:03.390616,0.08182098781742336,6,0.8064827183758972,298,0,COMPLETE
38,0.6401339422945918,0.5367903120162986,2024-10-08 15:53:01.931167,2024-10-08 15:53:06.451767,0 days 00:00:04.520600,0.009686011750056334,7,0.580331815896451,276,0,COMPLETE
39,0.7345353532967676,0.539024823038366,2024-10-08 15:53:06.452155,2024-10-08 15:53:09.000636,0 days 00:00:02.548481,0.07145318614018284,6,0.5585148923981624,210,0,COMPLETE
40,0.7578020560898384,0.5330875375428625,2024-10-08 15:53:09.001014,2024-10-08 15:53:12.710959,0 days 00:00:03.709945,0.027532638090089996,8,0.5804267935183796,212,0,COMPLETE
41,0.5603888351449335,0.5333678403962123,2024-10-08 15:53:12.711395,2024-10-08 15:53:13.327894,0 days 00:00:00.616499,0.0960845986351978,3,0.8733089926877701,139,0,COMPLETE
42,0.9930991339257625,0.5169286382421606,2024-10-08 15:53:13.328250,2024-10-08 15:53:19.181864,0 days 00:00:05.853614,0.06741433201530245,10,0.5827011375096942,260,0,COMPLETE
43,0.8647248367607517,0.5246568457708373,2024-10-08 15:53:19.182265,2024-10-08 15:53:22.853548,0 days 00:00:03.671283,0.08129211921779837,7,0.8411973727769417,248,0,COMPLETE
44,0.7709754939255253,0.5331363184484006,2024-10-08 15:53:22.853918,2024-10-08 15:53:26.278225,0 days 00:00:03.424307,0.03223016058421735,8,0.6295548865750616,207,0,COMPLETE
45,0.5590450702351275,0.5282378634256757,2024-10-08 15:53:26.278584,2024-10-08 15:53:27.972857,0 days 00:00:01.694273,0.05073816776594457,3,0.778530340624852,259,0,COMPLETE
46,0.5094070308705003,0.5026066681958563,2024-10-08 15:53:27.973214,2024-10-08 15:53:29.903944,0 days 00:00:01.930730,0.004290072111128095,4,0.887590390356871,192,0,COMPLETE
47,0.6409187627917238,0.5373732271284105,2024-10-08 15:53:29.904324,2024-10-08 15:53:34.319499,0 days 00:00:04.415175,0.00973970912133917,7,0.6527546485936393,278,0,COMPLETE
48,0.8368963508092521,0.5332656144435585,2024-10-08 15:53:34.319873,2024-10-08 15:53:39.062065,0 days 00:00:04.742192,0.039886997936869874,8,0.5918446293360906,266,0,COMPLETE
49,0.6085758721665135,0.5350425287171763,2024-10-08 15:53:39.062431,2024-10-08 15:53:41.822157,0 days 00:00:02.759726,0.017378574468961565,6,0.7247942453412208,221,0,COMPLETE
50,0.8775724235523652,0.5294050841257486,2024-10-08 15:53:41.822515,2024-10-08 16:02:27.656810,0 days 00:08:45.834295,0.09374966342190862,7,0.7917368535620732,231,1,COMPLETE
51,0.6610730315698866,0.5377176644973144,2024-10-08 16:02:27.657606,2024-10-08 16:09:56.246172,0 days 00:07:28.588566,0.0673239971083866,5,0.5585524482559776,230,1,COMPLETE
52,0.8565343379660831,0.5339323839871758,2024-10-08 16:09:56.247153,2024-10-08 16:17:18.820547,0 days 00:07:22.573394,0.056624534708562574,9,0.7247942453412208,131,1,COMPLETE
53,0.8010857905475596,0.526787314952001,2024-10-08 16:17:18.820948,2024-10-08 16:27:41.695107,0 days 00:10:22.874159,0.0390255398806888,8,0.6295548865750616,207,1,COMPLETE
54,0.9036311323362198,0.516674902533206,2024-10-08 16:27:41.695881,2024-10-08 16:39:18.849489,0 days 00:11:37.153608,0.07016013437020037,8,0.7331122753111574,232,1,COMPLETE
55,0.6179721422487007,0.5374442881487808,2024-10-08 16:39:18.849884,2024-10-08 16:46:24.570922,0 days 00:07:05.721038,0.07327216918976312,4,0.5804267935183796,266,1,COMPLETE
56,0.8565040696578728,0.5281747470369824,2024-10-08 16:46:24.571335,2024-10-08 17:01:23.238914,0 days 00:14:58.667579,0.04016711800220561,8,0.8742144637669689,299,1,COMPLETE
57,0.7943584740214436,0.5313323709817896,2024-10-08 17:01:23.239807,2024-10-08 17:16:12.931436,0 days 00:14:49.691629,0.007684461831556123,10,0.9799531830614958,239,1,COMPLETE
58,0.8181987091492416,0.5276331039565065,2024-10-08 17:16:12.931902,2024-10-08 17:34:43.337652,0 days 00:18:30.405750,0.007684461831556123,10,0.8296826649573219,299,1,COMPLETE
59,0.5462404915000636,0.5287695144675265,2024-10-08 17:34:43.338719,2024-10-08 17:37:30.790488,0 days 00:02:47.451769,0.057491680054305834,3,0.8212076804176125,133,1,COMPLETE
60,0.5762867104424422,0.5365513208655232,2024-10-08 17:37:30.790936,2024-10-08 17:42:15.741173,0 days 00:04:44.950237,0.09769049948208294,3,0.8683699030193337,228,1,COMPLETE
61,0.6065732468946119,0.5400402173910442,2024-10-08 17:42:15.741591,2024-10-08 17:48:39.632201,0 days 00:06:23.890610,0.07016013437020037,4,0.723872783145403,240,1,COMPLETE
62,0.8819113335072831,0.5160887676306329,2024-10-08 17:48:39.632612,2024-10-08 17:58:57.200410,0 days 00:10:17.567798,0.09040493754005155,7,0.5652595504661115,233,1,COMPLETE
63,0.8776731398983347,0.5302497154861868,2024-10-08 17:58:57.201232,2024-10-08 18:13:29.576452,0 days 00:14:32.375220,0.044258082472027074,8,0.7909156205464412,290,1,COMPLETE
64,0.7043563177362313,0.5346740400651492,2024-10-08 18:13:29.577413,2024-10-08 18:25:08.618539,0 days 00:11:39.041126,0.013218539967236802,8,0.5924405432729068,233,1,COMPLETE
65,0.557263839238291,0.5293507455348972,2024-10-08 18:25:08.619620,2024-10-08 18:32:43.598840,0 days 00:07:34.979220,0.01047613204880335,5,0.7419352639504808,233,1,COMPLETE
66,0.808499728829964,0.5292177097686555,2024-10-08 18:32:43.599669,2024-10-08 18:37:25.870014,0 days 00:04:42.270345,0.02660750487480286,10,0.5356071607778772,76,1,COMPLETE
67,0.8172258218756574,0.5269285885044348,2024-10-08 18:37:25.870387,2024-10-08 18:48:56.221180,0 days 00:11:30.350793,0.05742866098947423,7,0.577287223056073,260,1,COMPLETE
68,0.5769850419323025,0.5308943283165013,2024-10-08 18:48:56.222035,2024-10-08 18:56:26.602909,0 days 00:07:30.380874,0.0390255398806888,4,0.9174644455664842,281,1,COMPLETE
69,0.6391630778046754,0.5336230549282166,2024-10-08 18:56:26.603759,2024-10-08 19:02:46.633629,0 days 00:06:20.029870,0.06378412660848029,5,0.740227524691063,195,1,COMPLETE
70,0.9719899551600092,0.5193627123890974,2024-10-08 19:02:46.634063,2024-10-08 19:17:39.279667,0 days 00:14:52.645604,0.07327216918976312,9,0.832807532163585,266,1,COMPLETE
71,0.5780962331446424,0.5314788278021404,2024-10-08 19:17:39.280109,2024-10-08 19:21:17.918523,0 days 00:03:38.638414,0.017378574468961565,6,0.8920343805992743,95,1,COMPLETE
72,0.6401339422945918,0.5367903120162986,2024-10-08 19:21:17.918940,2024-10-08 19:33:32.286478,0 days 00:12:14.367538,0.009686011750056334,7,0.580331815896451,276,1,COMPLETE
73,0.8611527170811684,0.5349423480878434,2024-10-08 19:33:32.287518,2024-10-08 19:38:51.290942,0 days 00:05:19.003424,0.08182098781742336,9,0.8064827183758972,95,1,COMPLETE
74,0.803076501615166,0.5399743592208223,2024-10-08 19:38:51.291371,2024-10-08 19:50:16.598921,0 days 00:11:25.307550,0.08182098781742336,6,0.8064827183758972,298,1,COMPLETE
75,0.8750471451220444,0.52558195349315,2024-10-08 19:50:16.606306,2024-10-08 20:07:27.341956,0 days 00:17:10.735650,0.017511372081297286,10,0.6527546485936393,278,1,COMPLETE
76,0.5681567063188404,0.5323462481344585,2024-10-08 20:07:27.342765,2024-10-08 20:13:36.585321,0 days 00:06:09.242556,0.0390255398806888,4,0.9646323844214233,231,1,COMPLETE
77,0.8913450521267424,0.5301116204417187,2024-10-08 20:13:36.586106,2024-10-08 20:20:55.192403,0 days 00:07:18.606297,0.07145318614018284,9,0.677104760341481,131,1,COMPLETE
78,0.6871256240818737,0.5451832472698991,2024-10-08 20:20:55.193146,2024-10-08 20:31:39.690911,0 days 00:10:44.497765,0.0390255398806888,6,0.9174644455664842,281,1,COMPLETE
79,0.9966554219284158,0.5148714906038628,2024-10-08 20:31:39.691326,2024-10-08 20:45:57.725945,0 days 00:14:18.034619,0.09374966342190862,10,0.6134510579679664,231,1,COMPLETE
80,0.6900437487086223,0.5380956859578158,2024-10-08 20:45:57.726380,2024-10-08 20:51:00.695157,0 days 00:05:02.968777,0.08253672288606748,6,0.8064827183758972,133,1,COMPLETE
81,0.970291488619906,0.524559917196743,2024-10-08 20:51:00.695591,2024-10-08 21:01:58.911655,0 days 00:10:58.216064,0.06741433201530245,10,0.5827011375096942,177,1,COMPLETE
82,0.5126417253453431,0.5048081649095659,2024-10-08 21:01:58.912096,2024-10-08 21:04:34.283156,0 days 00:02:35.371060,0.009479475589963753,4,0.6660163532530446,97,1,COMPLETE
83,0.5877780348322433,0.5317423555126091,2024-10-08 21:04:34.283886,2024-10-08 21:10:06.286998,0 days 00:05:32.003112,0.06378412660848029,4,0.9254660312959251,208,1,COMPLETE
84,0.5487310343837959,0.5275633896168024,2024-10-08 21:10:06.287399,2024-10-08 21:17:51.768908,0 days 00:07:45.481509,0.007684461831556123,5,0.7419352639504808,239,1,COMPLETE
85,0.7361049847050394,0.5306691303735035,2024-10-08 21:17:51.769402,2024-10-08 21:24:49.810098,0 days 00:06:58.040696,0.032851457436789536,8,0.5918446293360906,139,1,COMPLETE
86,0.7814443620641705,0.5362815589378136,2024-10-08 21:24:49.814131,2024-10-08 21:38:16.157801,0 days 00:13:26.343670,0.02660750487480286,8,0.5356071607778772,268,1,COMPLETE
87,0.5683264598425708,0.5121027808062508,2024-10-08 21:38:16.158303,2024-10-08 21:48:34.901589,0 days 00:10:18.743286,0.0011455840572002843,7,0.6391976582804922,233,1,COMPLETE
88,0.6264032383089317,0.5329559114249847,2024-10-08 21:48:34.902330,2024-10-08 21:56:35.355232,0 days 00:08:00.452902,0.04365416598890447,5,0.6609220132487724,246,1,COMPLETE
89,0.5603004418204607,0.5317280213290398,2024-10-08 21:56:35.355655,2024-10-08 21:59:44.853371,0 days 00:03:09.497716,0.08878713458912414,3,0.5356071607778772,151,1,COMPLETE
90,0.6905323798906914,0.5360383033893137,2024-10-08 21:59:44.854124,2024-10-08 22:07:19.443233,0 days 00:07:34.589109,0.08455595399151476,5,0.7865446863548275,234,1,COMPLETE
91,0.8702135265049714,0.5318443653118107,2024-10-08 22:07:19.443658,2024-10-08 22:22:01.349897,0 days 00:14:41.906239,0.044258082472027074,8,0.9937279929876248,294,1,COMPLETE
92,0.7826587348568262,0.5383104243029985,2024-10-08 22:22:01.350355,2024-10-08 22:30:56.389107,0 days 00:08:55.038752,0.09040493754005155,6,0.723872783145403,233,1,COMPLETE
93,0.7593351728302402,0.535563699477009,2024-10-08 22:30:56.389515,2024-10-08 22:41:30.250999,0 days 00:10:33.861484,0.027532638090089996,8,0.5827011375096942,212,1,COMPLETE
94,0.7863394760513628,0.5322746551213965,2024-10-08 22:41:30.251441,2024-10-08 22:55:18.444122,0 days 00:13:48.192681,0.027532638090089996,8,0.732493334469099,276,1,COMPLETE
95,0.6141306575417174,0.5414829783814165,2024-10-08 22:55:18.444901,2024-10-08 23:00:26.603981,0 days 00:05:08.159080,0.03369440864595436,6,0.9518706124810348,134,1,COMPLETE
96,0.5302972909536846,0.5103405907229247,2024-10-08 23:00:26.604657,2024-10-08 23:03:19.789353,0 days 00:02:53.184696,0.017378574468961565,3,0.8733089926877701,139,1,COMPLETE
97,0.6609058086970172,0.5273018086717255,2024-10-08 23:03:19.790111,2024-10-08 23:11:25.235235,0 days 00:08:05.445124,0.00973970912133917,8,0.6527546485936393,162,1,COMPLETE
98,0.6987431212981853,0.5361498549313415,2024-10-08 23:11:25.238757,2024-10-08 23:18:55.477703,0 days 00:07:30.238946,0.09374966342190862,5,0.8355313455955404,231,1,COMPLETE
99,0.803076501615166,0.5399743592208223,2024-10-08 23:18:55.478589,2024-10-08 23:30:17.267203,0 days 00:11:21.788614,0.08182098781742336,6,0.8064827183758972,298,1,COMPLETE
100,0.8211588493547132,0.5346691883667518,2024-10-08 23:30:17.267621,2024-10-08 23:45:08.964900,0 days 00:14:51.697279,0.020998895905992052,9,0.5585148923981624,266,2,COMPLETE
101,0.694745635010805,0.5395587725703554,2024-10-08 23:45:08.965694,2024-10-08 23:52:39.183503,0 days 00:07:30.217809,0.09374966342190862,5,0.723872783145403,231,2,COMPLETE
102,0.7630015947703598,0.5391338047034072,2024-10-08 23:52:39.184292,2024-10-09 00:01:40.665436,0 days 00:09:01.481144,0.08182098781742336,6,0.8064827183758972,235,2,COMPLETE
103,0.8171587191360302,0.539055170584893,2024-10-09 00:01:40.666161,2024-10-09 00:06:59.245684,0 days 00:05:18.579523,0.05742866098947423,9,0.8064827183758972,95,2,COMPLETE
104,0.9010425810997458,0.5212900161853651,2024-10-09 00:06:59.246437,2024-10-09 00:21:43.795610,0 days 00:14:44.549173,0.053783553406638256,8,0.8355313455955404,294,2,COMPLETE
105,0.6019756864748808,0.5364100475156055,2024-10-09 00:21:43.796017,2024-10-09 00:24:38.141177,0 days 00:02:54.345160,0.044258082472027074,6,0.9518706124810348,76,2,COMPLETE
106,0.9428414467453505,0.5193715247158726,2024-10-09 00:24:38.141923,2024-10-09 00:36:34.914217,0 days 00:11:56.772294,0.08577447042314079,8,0.6377905276724567,239,2,COMPLETE
107,0.9729077206101164,0.5186157277983758,2024-10-09 00:36:34.914679,2024-10-09 00:51:18.283599,0 days 00:14:43.368920,0.09374966342190862,8,0.6134510579679664,294,2,COMPLETE
108,0.6098146525575613,0.5359202823126191,2024-10-09 00:51:18.284022,2024-10-09 00:54:23.101040,0 days 00:03:04.817018,0.09374966342190862,5,0.8064827183758972,95,2,COMPLETE
109,0.7514202277807948,0.5337255806287738,2024-10-09 00:54:23.101473,2024-10-09 01:00:36.565364,0 days 00:06:13.463891,0.044258082472027074,8,0.78943761486667,124,2,COMPLETE
110,0.839239932738966,0.5354515706056338,2024-10-09 01:00:36.566119,2024-10-09 01:15:34.869572,0 days 00:14:58.303453,0.02660750487480286,9,0.9591191369393308,268,2,COMPLETE
111,0.743669279991152,0.5352411874929188,2024-10-09 01:15:34.870353,2024-10-09 01:21:56.150984,0 days 00:06:21.280631,0.09374966342190862,6,0.6134510579679664,166,2,COMPLETE
112,0.7676491279350957,0.5387471889137903,2024-10-09 01:21:56.151750,2024-10-09 01:31:18.625008,0 days 00:09:22.473258,0.08182098781742336,6,0.8064827183758972,244,2,COMPLETE
113,0.7924043544597675,0.5373441376526427,2024-10-09 01:31:18.625801,2024-10-09 01:41:52.929185,0 days 00:10:34.303384,0.08182098781742336,6,0.8064827183758972,276,2,COMPLETE
114,0.9872778345649525,0.511277198326756,2024-10-09 01:41:52.929997,2024-10-09 01:54:52.179110,0 days 00:12:59.249113,0.07145318614018284,10,0.5356071607778772,210,2,COMPLETE
115,0.7356135453199059,0.5396231642172282,2024-10-09 01:54:52.179900,2024-10-09 02:06:18.699427,0 days 00:11:26.519527,0.053829228277327605,6,0.942068615171271,298,2,COMPLETE
116,0.7949289300967051,0.5365691417399977,2024-10-09 02:06:18.700187,2024-10-09 02:10:24.088756,0 days 00:04:05.388569,0.056624534708562574,9,0.5652595504661115,73,2,COMPLETE
117,0.7865592331699637,0.5351361813421315,2024-10-09 02:10:24.089258,2024-10-09 02:19:18.341019,0 days 00:08:54.251761,0.09040493754005155,6,0.6329730009538722,233,2,COMPLETE
118,0.7162377521961696,0.5318442645297009,2024-10-09 02:19:18.341796,2024-10-09 02:25:51.792359,0 days 00:06:33.450563,0.027532638090089996,8,0.677104760341481,131,2,COMPLETE
119,0.9930991339257625,0.5169286382421606,2024-10-09 02:25:51.793157,2024-10-09 02:41:57.494540,0 days 00:16:05.701383,0.06741433201530245,10,0.5827011375096942,260,2,COMPLETE
120,0.9710069742510078,0.5219644754270176,2024-10-09 02:41:57.495264,2024-10-09 02:52:53.507818,0 days 00:10:56.012554,0.06741433201530245,10,0.5961129696083574,177,2,COMPLETE
121,0.7433203608924599,0.5346093194675221,2024-10-09 02:52:53.508615,2024-10-09 03:01:46.895910,0 days 00:08:53.387295,0.07016013437020037,6,0.8064827183758972,232,2,COMPLETE
122,0.8464117043490917,0.5293471369388144,2024-10-09 03:01:46.896739,2024-10-09 03:09:06.071541,0 days 00:07:19.174802,0.051778048811440894,9,0.677104760341481,131,2,COMPLETE
123,0.8766747605224441,0.5285798886020675,2024-10-09 03:09:06.072348,2024-10-09 03:21:47.218351,0 days 00:12:41.146003,0.052920526707870244,8,0.9310666655302158,253,2,COMPLETE
124,0.8515180024062778,0.5294750440636067,2024-10-09 03:21:47.218798,2024-10-09 03:34:02.646022,0 days 00:12:15.427224,0.017511372081297286,10,0.5036229602716356,198,2,COMPLETE
125,0.8393007571722392,0.5268579172398948,2024-10-09 03:34:02.646824,2024-10-09 03:45:49.679131,0 days 00:11:47.032307,0.044258082472027074,8,0.7909156205464412,235,2,COMPLETE
126,0.7099443805285546,0.5406681254271923,2024-10-09 03:45:49.679550,2024-10-09 03:56:58.412669,0 days 00:11:08.733119,0.044258082472027074,6,0.7909156205464412,294,2,COMPLETE
127,0.8656610801298987,0.5332085562650163,2024-10-09 03:56:58.413391,2024-10-09 04:05:37.952342,0 days 00:08:39.538951,0.07016013437020037,8,0.8742144637669689,173,2,COMPLETE
128,0.7751422459880407,0.5304719363128364,2024-10-09 04:05:37.953040,2024-10-09 04:18:12.661518,0 days 00:12:34.708478,0.04016711800220561,7,0.5827011375096942,285,2,COMPLETE
129,0.5917744244867781,0.5368322936483667,2024-10-09 04:18:12.661975,2024-10-09 04:23:30.374329,0 days 00:05:17.712354,0.07016013437020037,4,0.5563121019927195,199,2,COMPLETE
130,0.84399120055209,0.5239244494163383,2024-10-09 04:23:30.375063,2024-10-09 04:36:53.719693,0 days 00:13:23.344630,0.04016711800220561,8,0.5356071607778772,268,2,COMPLETE
131,0.6735746161388704,0.5355964987950947,2024-10-09 04:36:53.720107,2024-10-09 04:42:39.187417,0 days 00:05:45.467310,0.09879746144761016,5,0.5827011375096942,177,2,COMPLETE
132,0.7709754939255253,0.5331363184484006,2024-10-09 04:42:39.188160,2024-10-09 04:53:02.001659,0 days 00:10:22.813499,0.03223016058421735,8,0.6295548865750616,207,2,COMPLETE
133,0.7609635528092936,0.5349531864639206,2024-10-09 04:53:02.002433,2024-10-09 05:04:34.931984,0 days 00:11:32.929551,0.02660750487480286,8,0.8570055875313883,231,2,COMPLETE
134,0.7578332533318225,0.5375925725408333,2024-10-09 05:04:34.932487,2024-10-09 05:13:02.072658,0 days 00:08:27.140171,0.08182098781742336,6,0.9311246675377455,221,2,COMPLETE
135,0.6191021866740946,0.5339925552213957,2024-10-09 05:13:02.073090,2024-10-09 05:23:36.302964,0 days 00:10:34.229874,0.007684461831556123,7,0.9583102927514848,239,2,COMPLETE
136,0.9139725047379706,0.5264676871000359,2024-10-09 05:23:36.303405,2024-10-09 05:30:01.750348,0 days 00:06:25.446943,0.06741433201530245,10,0.5827011375096942,104,2,COMPLETE
137,0.5999202151595048,0.5347174334498096,2024-10-09 05:30:01.750790,2024-10-09 05:35:46.752575,0 days 00:05:45.001785,0.04440378147323123,5,0.9799531830614958,177,2,COMPLETE
138,0.8358366082183482,0.5307533354110681,2024-10-09 05:35:46.753001,2024-10-09 05:48:18.636693,0 days 00:12:31.883692,0.04016711800220561,8,0.8265961926840348,251,2,COMPLETE
139,0.7345353532967676,0.539024823038366,2024-10-09 05:48:18.637166,2024-10-09 05:56:22.570966,0 days 00:08:03.933800,0.07145318614018284,6,0.5585148923981624,210,2,COMPLETE
140,0.7814443620641705,0.5362815589378136,2024-10-09 05:56:22.571395,2024-10-09 06:09:49.472380,0 days 00:13:26.900985,0.02660750487480286,8,0.5356071607778772,268,2,COMPLETE
141,0.6884393174174388,0.5430395182338165,2024-10-09 06:09:49.472827,2024-10-09 06:14:57.008576,0 days 00:05:07.535749,0.08253672288606748,6,0.8411973727769417,133,2,COMPLETE
142,0.8544613426184993,0.528048309671103,2024-10-09 06:14:57.009324,2024-10-09 06:28:15.891769,0 days 00:13:18.882445,0.0447958384292731,8,0.5728670344967852,266,2,COMPLETE
143,0.6394391799751022,0.5368152443900266,2024-10-09 06:28:15.894773,2024-10-09 06:32:31.115338,0 days 00:04:15.220565,0.09179110582566495,5,0.677104760341481,131,2,COMPLETE
144,0.8193400955330836,0.5349519398751168,2024-10-09 06:32:31.115769,2024-10-09 06:44:22.169958,0 days 00:11:51.054189,0.027532638090089996,9,0.9659218809753098,212,2,COMPLETE
145,0.8416230915635688,0.5297430111449652,2024-10-09 06:44:22.170438,2024-10-09 06:57:08.664338,0 days 00:12:46.493900,0.061878443317649426,7,0.7865446863548275,288,2,COMPLETE
146,0.6546606806172546,0.5389916490960374,2024-10-09 06:57:08.664834,2024-10-09 07:03:56.105137,0 days 00:06:47.440303,0.044258082472027074,6,0.5827011375096942,177,2,COMPLETE
147,0.8913450521267424,0.5301116204417187,2024-10-09 07:03:56.105870,2024-10-09 07:11:15.118410,0 days 00:07:19.012540,0.07145318614018284,9,0.677104760341481,131,2,COMPLETE
148,0.7872636467421913,0.531636656108606,2024-10-09 07:11:15.128435,2024-10-09 07:21:33.779999,0 days 00:10:18.651564,0.05258687851180684,7,0.5652595504661115,233,2,COMPLETE
149,0.8023925790855324,0.5300195812769941,2024-10-09 07:21:33.780490,2024-10-09 07:31:46.058729,0 days 00:10:12.278239,0.05977538976411079,7,0.5626067409954583,231,2,COMPLETE
150,0.7914279737796047,0.5352485362702756,2024-10-09 07:31:46.059165,2024-10-09 07:35:50.668776,0 days 00:04:04.609611,0.056624534708562574,9,0.717767353920991,73,3,COMPLETE
151,0.512998479470087,0.5069155065089377,2024-10-09 07:35:50.669477,2024-10-09 07:39:31.928905,0 days 00:03:41.259428,0.004172949403765594,3,0.5827011375096942,177,3,COMPLETE
152,0.92698085187604,0.5253355041517699,2024-10-09 07:39:31.929340,2024-10-09 07:52:32.231152,0 days 00:13:00.301812,0.0390255398806888,10,0.6721011505869439,211,3,COMPLETE
153,0.8656610801298987,0.5332085562650163,2024-10-09 07:52:32.231918,2024-10-09 08:01:11.639598,0 days 00:08:39.407680,0.07016013437020037,8,0.8742144637669689,173,3,COMPLETE
154,0.7913276149472374,0.5364160063118412,2024-10-09 08:01:11.640032,2024-10-09 08:11:46.511222,0 days 00:10:34.871190,0.08182098781742336,6,0.7909156205464412,276,3,COMPLETE
155,0.7777200898610608,0.5326283028091634,2024-10-09 08:11:46.511661,2024-10-09 08:20:47.871765,0 days 00:09:01.360104,0.08540756494885977,6,0.7909156205464412,235,3,COMPLETE
156,0.5770376608685683,0.5364671067760832,2024-10-09 08:20:47.872184,2024-10-09 08:24:34.868245,0 days 00:03:46.996061,0.07016013437020037,4,0.723872783145403,142,3,COMPLETE
157,0.99047243347796,0.5069225741617922,2024-10-09 08:24:34.868655,2024-10-09 08:41:14.188717,0 days 00:16:39.320062,0.08182098781742336,9,0.5585148923981624,298,3,COMPLETE
158,0.9728302769262908,0.5191977517436553,2024-10-09 08:41:14.191863,2024-10-09 08:49:18.327180,0 days 00:08:04.135317,0.07682010055181174,10,0.8064827183758972,177,3,COMPLETE
159,0.9316369417499725,0.52364679823097,2024-10-09 08:49:18.327574,2024-10-09 08:49:21.822757,0 days 00:00:03.495183,0.07327216918976312,8,0.832807532163585,266,3,COMPLETE
160,0.9311761606674303,0.5150506343541218,2024-10-09 08:49:21.823157,2024-10-09 08:49:25.432667,0 days 00:00:03.609510,0.07016013437020037,8,0.5941178804143015,266,3,COMPLETE
161,0.9499175953280863,0.5275785353753099,2024-10-09 08:49:25.433083,2024-10-09 08:49:30.264393,0 days 00:00:04.831310,0.05029609400012953,9,0.8064827183758972,298,3,COMPLETE
162,0.8793229132351408,0.5264802356154367,2024-10-09 08:49:30.264809,2024-10-09 08:49:32.976668,0 days 00:00:02.711859,0.06741433201530245,8,0.9937279929876248,203,3,COMPLETE
163,0.6822710364189413,0.5283539112107188,2024-10-09 08:49:32.977060,2024-10-09 08:49:35.615813,0 days 00:00:02.638753,0.007123369582923389,9,0.9053148626400945,131,3,COMPLETE
164,0.8977237065077013,0.5233278329801897,2024-10-09 08:49:35.616220,2024-10-09 08:49:39.528154,0 days 00:00:03.911934,0.053783553406638256,8,0.8355313455955404,289,3,COMPLETE
165,0.9229303134278638,0.5297122489498218,2024-10-09 08:49:39.528570,2024-10-09 08:49:44.454457,0 days 00:00:04.925887,0.0390255398806888,9,0.8064827183758972,298,3,COMPLETE
166,0.8322123732636888,0.5332048476855976,2024-10-09 08:49:44.454888,2024-10-09 08:49:45.732988,0 days 00:00:01.278100,0.08182098781742336,9,0.9625571007240901,73,3,COMPLETE
167,0.9825371136986059,0.5217646195263684,2024-10-09 08:49:45.733386,2024-10-09 08:49:49.960057,0 days 00:00:04.226671,0.08182098781742336,9,0.8064827183758972,268,3,COMPLETE
168,0.5959694116314909,0.5374603860528129,2024-10-09 08:49:49.960469,2024-10-09 08:49:51.286174,0 days 00:00:01.325705,0.07016013437020037,4,0.5281167142032043,217,3,COMPLETE
169,0.9784828414272289,0.5148055519962983,2024-10-09 08:49:51.286568,2024-10-09 08:49:54.722593,0 days 00:00:03.436025,0.07922997205595048,10,0.8064827183758972,177,3,COMPLETE
170,0.9729077206101164,0.5186157277983758,2024-10-09 08:49:54.722998,2024-10-09 08:49:58.774057,0 days 00:00:04.051059,0.09374966342190862,8,0.6134510579679664,294,3,COMPLETE
171,0.7164781464680682,0.5362695735941939,2024-10-09 08:49:58.774474,2024-10-09 08:50:01.439985,0 days 00:00:02.665511,0.020998895905992052,8,0.6377905276724567,175,3,COMPLETE
172,0.5661531986745693,0.5359446412951562,2024-10-09 08:50:01.440407,2024-10-09 08:50:02.478543,0 days 00:00:01.038136,0.08182098781742336,3,0.5626067409954583,211,3,COMPLETE
173,0.5806227560744696,0.5376159007312583,2024-10-09 08:50:02.478908,2024-10-09 08:50:03.949527,0 days 00:00:01.470619,0.08182098781742336,3,0.6094470028202116,298,3,COMPLETE
174,0.8391170637177975,0.5247164769208691,2024-10-09 08:50:03.949913,2024-10-09 08:50:06.108471,0 days 00:00:02.158558,0.09374966342190862,7,0.6564880428835409,187,3,COMPLETE
175,0.6045872965041688,0.5314294596724455,2024-10-09 08:50:06.108867,2024-10-09 08:50:07.597449,0 days 00:00:01.488582,0.07016013437020037,4,0.8531363126775591,239,3,COMPLETE
176,0.5931229981088076,0.5360571533784434,2024-10-09 08:50:07.597840,2024-10-09 08:50:09.465088,0 days 00:00:01.867248,0.047290577789049826,4,0.6134510579679664,294,3,COMPLETE
177,0.924934567990244,0.5295976306718367,2024-10-09 08:50:09.465477,2024-10-09 08:50:12.735515,0 days 00:00:03.270038,0.08182098781742336,8,0.8742144637669689,235,3,COMPLETE
178,0.5939891572937688,0.5385965607406321,2024-10-09 08:50:12.735932,2024-10-09 08:50:13.479366,0 days 00:00:00.743434,0.0390255398806888,6,0.9174644455664842,73,3,COMPLETE
179,0.687737815249271,0.5389851486994933,2024-10-09 08:50:13.479751,2024-10-09 08:50:16.610593,0 days 00:00:03.130842,0.0390255398806888,6,0.7402930533608248,281,3,COMPLETE
180,0.5777459459184502,0.5320016791634773,2024-10-09 08:50:16.610997,2024-10-09 08:50:17.438884,0 days 00:00:00.827887,0.08253672288606748,4,0.8411973727769417,133,3,COMPLETE
181,0.9992879889755559,0.5143580729512172,2024-10-09 08:50:17.439248,2024-10-09 08:50:22.925249,0 days 00:00:05.486001,0.09374966342190862,10,0.6134510579679664,294,3,COMPLETE
182,0.9281295977279918,0.523679777846404,2024-10-09 08:50:22.925679,2024-10-09 08:50:25.830443,0 days 00:00:02.904764,0.08577447042314079,8,0.5626067409954583,211,3,COMPLETE
183,0.7588122857169843,0.5369566388337408,2024-10-09 08:50:25.830837,2024-10-09 08:50:28.021999,0 days 00:00:02.191162,0.07623485514255597,6,0.8064827183758972,233,3,COMPLETE
184,0.9787633709866381,0.5205608044820189,2024-10-09 08:50:28.022404,2024-10-09 08:50:32.242153,0 days 00:00:04.219749,0.05977538976411079,10,0.5626067409954583,211,3,COMPLETE
185,0.9470777750549878,0.5200032401184692,2024-10-09 08:50:32.242576,2024-10-09 08:50:35.735211,0 days 00:00:03.492635,0.06741433201530245,9,0.5827011375096942,212,3,COMPLETE
186,0.8615548039208538,0.5330532867789389,2024-10-09 08:50:35.735615,2024-10-09 08:50:37.824430,0 days 00:00:02.088815,0.06279401546145084,9,0.7824277110502647,124,3,COMPLETE
187,0.5795848924733583,0.5353534244833958,2024-10-09 08:50:37.824833,2024-10-09 08:50:39.281403,0 days 00:00:01.456570,0.08182098781742336,3,0.8064827183758972,298,3,COMPLETE
188,0.8970338893179559,0.5220591977827345,2024-10-09 08:50:39.281806,2024-10-09 08:50:41.347277,0 days 00:00:02.065471,0.08261313221480428,9,0.7559774008360791,124,3,COMPLETE
189,0.7099443805285546,0.5406681254271923,2024-10-09 08:50:41.347683,2024-10-09 08:50:44.066492,0 days 00:00:02.718809,0.044258082472027074,6,0.7909156205464412,294,3,COMPLETE
190,0.5727171505526001,0.536812369623929,2024-10-09 08:50:44.066900,2024-10-09 08:50:44.885027,0 days 00:00:00.818127,0.07145318614018284,4,0.677104760341481,131,3,COMPLETE
191,0.9024669104360098,0.5262065804512543,2024-10-09 08:50:44.885400,2024-10-09 08:50:46.991278,0 days 00:00:02.105878,0.08261313221480428,9,0.677104760341481,124,3,COMPLETE
192,0.9652167556292378,0.5174626444023277,2024-10-09 08:50:46.991679,2024-10-09 08:50:50.906327,0 days 00:00:03.914648,0.07145318614018284,9,0.6377905276724567,239,3,COMPLETE
193,0.8145646489641413,0.5276389508353252,2024-10-09 08:50:50.906751,2024-10-09 08:50:52.670389,0 days 00:00:01.763638,0.07016013437020037,8,0.8742144637669689,126,3,COMPLETE
194,0.9872778345649525,0.511277198326756,2024-10-09 08:50:52.670789,2024-10-09 08:50:56.963057,0 days 00:00:04.292268,0.07145318614018284,10,0.5356071607778772,210,3,COMPLETE
195,0.8673752159407047,0.529888379541649,2024-10-09 08:50:56.963483,2024-10-09 08:51:00.476829,0 days 00:00:03.513346,0.027532638090089996,10,0.5827011375096942,157,3,COMPLETE
196,0.6342577467523928,0.5413540627615856,2024-10-09 08:51:00.477254,2024-10-09 08:51:01.153003,0 days 00:00:00.675749,0.08182098781742336,6,0.8064827183758972,73,3,COMPLETE
197,0.6707512691915485,0.5426571316802838,2024-10-09 08:51:01.153385,2024-10-09 08:51:02.381722,0 days 00:00:01.228337,0.07145318614018284,6,0.9174644455664842,131,3,COMPLETE
198,0.9457392296598908,0.524349291276268,2024-10-09 08:51:02.382137,2024-10-09 08:51:06.904636,0 days 00:00:04.522499,0.05598672639634898,9,0.8877208546896888,266,3,COMPLETE
199,0.9230202936457117,0.5253173287583336,2024-10-09 08:51:06.905059,2024-10-09 08:51:11.253352,0 days 00:00:04.348293,0.05984768612034273,8,0.8742144637669689,299,3,COMPLETE
200,0.9756623664939542,0.5158310991671916,2024-10-09 08:51:11.253778,2024-10-09 08:51:14.741906,0 days 00:00:03.488128,0.07336606376592442,10,0.7925787813664174,177,4,COMPLETE
201,0.6003721018690449,0.5343132843950552,2024-10-09 08:51:14.742332,2024-10-09 08:51:16.660582,0 days 00:00:01.918250,0.03746402201240631,5,0.6721011505869439,211,4,COMPLETE
202,0.988056576237517,0.5125992416618403,2024-10-09 08:51:16.660987,2024-10-09 08:51:21.417130,0 days 00:00:04.756143,0.07936486390410488,9,0.8064827183758972,298,4,COMPLETE
203,0.9698468918372134,0.5162790475559228,2024-10-09 08:51:21.417526,2024-10-09 08:51:24.805629,0 days 00:00:03.388103,0.09315420459302863,9,0.9659218809753098,212,4,COMPLETE
204,0.8775724235523652,0.5294050841257486,2024-10-09 08:51:24.806045,2024-10-09 08:51:27.650037,0 days 00:00:02.843992,0.09374966342190862,7,0.7917368535620732,231,4,COMPLETE
205,0.8013968917887008,0.5296760078335537,2024-10-09 08:51:27.650447,2024-10-09 08:51:30.405959,0 days 00:00:02.755512,0.08182098781742336,6,0.942068615171271,298,4,COMPLETE
206,0.8702135265049714,0.5318443653118107,2024-10-09 08:51:30.406375,2024-10-09 08:51:34.465607,0 days 00:00:04.059232,0.044258082472027074,8,0.9937279929876248,294,4,COMPLETE
207,0.9885609784026674,0.5171534608152208,2024-10-09 08:51:34.466021,2024-10-09 08:51:39.684977,0 days 00:00:05.218956,0.06426364576431107,10,0.9771103021099896,266,4,COMPLETE
208,0.549812501997293,0.5307758150384052,2024-10-09 08:51:39.685416,2024-10-09 08:51:40.343176,0 days 00:00:00.657760,0.07145318614018284,3,0.5652595504661115,131,4,COMPLETE
209,0.6943736017882385,0.5449122614931119,2024-10-09 08:51:40.343514,2024-10-09 08:51:43.215867,0 days 00:00:02.872353,0.0390255398806888,6,0.9174644455664842,298,4,COMPLETE
210,0.8611527170811684,0.5349423480878434,2024-10-09 08:51:43.216283,2024-10-09 08:51:44.837593,0 days 00:00:01.621310,0.08182098781742336,9,0.8064827183758972,95,4,COMPLETE
211,0.8936851345305706,0.5318788550441071,2024-10-09 08:51:44.838004,2024-10-09 08:51:49.289196,0 days 00:00:04.451192,0.038508901715800396,9,0.9591191369393308,258,4,COMPLETE
212,0.7105760993721855,0.5432244615014489,2024-10-09 08:51:49.289632,2024-10-09 08:51:52.103366,0 days 00:00:02.813734,0.044258082472027074,6,0.6499888715437057,294,4,COMPLETE
213,0.8505287429580157,0.5353052814527818,2024-10-09 08:51:52.103772,2024-10-09 08:51:53.845905,0 days 00:00:01.742133,0.07145318614018284,9,0.5356071607778772,99,4,COMPLETE
214,0.7651695075701651,0.536772647114534,2024-10-09 08:51:53.846322,2024-10-09 08:51:56.275554,0 days 00:00:02.429232,0.08253672288606748,6,0.8411973727769417,231,4,COMPLETE
215,0.9923190262751805,0.5180033088816226,2024-10-09 08:51:56.275970,2024-10-09 08:52:01.577983,0 days 00:00:05.302013,0.0625963724125216,10,0.5585148923981624,266,4,COMPLETE
216,0.9056490029166363,0.5169266178078173,2024-10-09 08:52:01.578420,2024-10-09 08:52:05.616274,0 days 00:00:04.037854,0.05598672639634898,8,0.8496319277709073,294,4,COMPLETE
217,0.98905235677266,0.5201381522618022,2024-10-09 08:52:05.616707,2024-10-09 08:52:10.265633,0 days 00:00:04.648926,0.06741433201530245,10,0.5827011375096942,235,4,COMPLETE
218,0.9211430869945175,0.52724035250526,2024-10-09 08:52:10.266064,2024-10-09 08:52:14.711228,0 days 00:00:04.445164,0.044258082472027074,9,0.677104760341481,260,4,COMPLETE
219,0.9908949296516499,0.5151172703471394,2024-10-09 08:52:14.711670,2024-10-09 08:52:19.840390,0 days 00:00:05.128720,0.06741433201530245,10,0.8411973727769417,260,4,COMPLETE
220,0.8671733755988219,0.5283941270614768,2024-10-09 08:52:19.840833,2024-10-09 08:52:22.811953,0 days 00:00:02.971120,0.03369440864595436,10,0.9518706124810348,133,4,COMPLETE
221,0.587962569071765,0.5435690927370707,2024-10-09 08:52:22.812395,2024-10-09 08:52:24.330925,0 days 00:00:01.518530,0.09374966342190862,3,0.7858002942919786,298,4,COMPLETE
222,0.7065153268834501,0.5405271966064851,2024-10-09 08:52:24.331345,2024-10-09 08:52:26.582666,0 days 00:00:02.251321,0.08182098781742336,5,0.918085495252233,289,4,COMPLETE
223,0.636951395758064,0.5419706121344572,2024-10-09 08:52:26.583076,2024-10-09 08:52:29.555537,0 days 00:00:02.972461,0.020998895905992052,6,0.8064827183758972,298,4,COMPLETE
224,0.9821702638804936,0.5192327118993704,2024-10-09 08:52:29.555970,2024-10-09 08:52:33.038080,0 days 00:00:03.482110,0.08182098781742336,10,0.5827011375096942,177,4,COMPLETE
225,0.7314413032792487,0.5411768660090042,2024-10-09 08:52:33.038498,2024-10-09 08:52:35.367410,0 days 00:00:02.328912,0.09374966342190862,5,0.9284998596100196,298,4,COMPLETE
226,0.5118821225089005,0.5050012730251184,2024-10-09 08:52:35.367821,2024-10-09 08:52:36.059555,0 days 00:00:00.691734,0.009600883810938626,4,0.8064827183758972,95,4,COMPLETE
227,0.8211588493547132,0.5346691883667518,2024-10-09 08:52:36.059908,2024-10-09 08:52:40.868014,0 days 00:00:04.808106,0.020998895905992052,9,0.5585148923981624,266,4,COMPLETE
228,0.9499175953280863,0.5275785353753099,2024-10-09 08:52:40.868462,2024-10-09 08:52:45.901842,0 days 00:00:05.033380,0.05029609400012953,9,0.8064827183758972,298,4,COMPLETE
229,0.9265907898712753,0.5178775673228712,2024-10-09 08:52:45.902282,2024-10-09 08:52:50.005741,0 days 00:00:04.103459,0.06320165632986026,8,0.5356071607778772,298,4,COMPLETE
230,0.9946650530138713,0.5071288517148402,2024-10-09 08:52:50.006185,2024-10-09 08:52:54.992262,0 days 00:00:04.986077,0.0829652927254796,10,0.9174644455664842,260,4,COMPLETE
231,0.7098302340872898,0.5373479496362245,2024-10-09 08:52:54.992701,2024-10-09 08:52:57.473287,0 days 00:00:02.480586,0.08182098781742336,5,0.8064827183758972,298,4,COMPLETE
232,0.9680281263908134,0.5238391411741716,2024-10-09 08:52:57.473715,2024-10-09 08:53:00.949618,0 days 00:00:03.475903,0.06741433201530245,10,0.5827011375096942,173,4,COMPLETE
233,0.9228777950102592,0.5186107185591894,2024-10-09 08:53:00.950046,2024-10-09 08:53:04.119586,0 days 00:00:03.169540,0.08182098781742336,8,0.8064827183758972,235,4,COMPLETE
234,0.9505703286398403,0.5223879945958119,2024-10-09 08:53:04.120009,2024-10-09 08:53:09.089135,0 days 00:00:04.969126,0.05029609400012953,9,0.7589134828922186,298,4,COMPLETE
235,0.9933143753988946,0.5145278542139315,2024-10-09 08:53:09.089578,2024-10-09 08:53:15.074306,0 days 00:00:05.984728,0.05977538976411079,10,0.5626067409954583,295,4,COMPLETE
236,0.7205712855264172,0.5393944183051756,2024-10-09 08:53:15.074748,2024-10-09 08:53:16.853054,0 days 00:00:01.778306,0.07922997205595048,6,0.6213706413846174,177,4,COMPLETE
237,0.6888967009444542,0.5260048950697037,2024-10-09 08:53:16.853471,2024-10-09 08:53:18.794671,0 days 00:00:01.941200,0.010660707105485046,9,0.5356071607778772,95,4,COMPLETE
238,0.6837724425298692,0.5284155373090623,2024-10-09 08:53:18.795110,2024-10-09 08:53:19.725819,0 days 00:00:00.930709,0.0390255398806888,8,0.8539312930792202,58,4,COMPLETE
239,0.7070911839669867,0.5411596499677152,2024-10-09 08:53:19.726237,2024-10-09 08:53:21.400517,0 days 00:00:01.674280,0.07145318614018284,6,0.7917368535620732,177,4,COMPLETE
240,0.6278805153742814,0.5358505614078857,2024-10-09 08:53:21.400935,2024-10-09 08:53:22.351989,0 days 00:00:00.951054,0.05742866098947423,6,0.706271215180582,95,4,COMPLETE
241,0.9988608646146103,0.5152599006893335,2024-10-09 08:53:22.352418,2024-10-09 08:53:28.171708,0 days 00:00:05.819290,0.08182098781742336,10,0.5905786658748458,298,4,COMPLETE
242,0.925492432491847,0.5250300751953634,2024-10-09 08:53:28.172168,2024-10-09 08:53:31.219007,0 days 00:00:03.046839,0.06741433201530245,9,0.5827011375096942,177,4,COMPLETE
243,0.9965121173933889,0.5158911463130377,2024-10-09 08:53:31.219418,2024-10-09 08:53:35.653142,0 days 00:00:04.433724,0.09374966342190862,10,0.9599624402279067,231,4,COMPLETE
244,0.8529017975392591,0.5330443523960702,2024-10-09 08:53:35.653593,2024-10-09 08:53:37.993410,0 days 00:00:02.339817,0.056624534708562574,9,0.6189182556124979,131,4,COMPLETE
245,0.8947041134948693,0.5272926014389627,2024-10-09 08:53:37.993849,2024-10-09 08:53:40.089402,0 days 00:00:02.095553,0.08261313221480428,9,0.9937279929876248,124,4,COMPLETE
246,0.9139725047379706,0.5264676871000359,2024-10-09 08:53:40.089818,2024-10-09 08:53:42.448971,0 days 00:00:02.359153,0.06741433201530245,10,0.5827011375096942,104,4,COMPLETE
247,0.9818152775287989,0.5165230398811818,2024-10-09 08:53:42.449391,2024-10-09 08:53:46.116207,0 days 00:00:03.666816,0.08182098781742336,10,0.8064827183758972,177,4,COMPLETE
248,0.8756412486530759,0.5202100959775354,2024-10-09 08:53:46.116641,2024-10-09 08:53:49.129952,0 days 00:00:03.013311,0.08182098781742336,7,0.8550620945900439,262,4,COMPLETE
249,0.9698710688790396,0.5133459869741643,2024-10-09 08:53:49.130372,2024-10-09 08:53:52.673433,0 days 00:00:03.543061,0.07016013437020037,10,0.5827011375096942,173,4,COMPLETE
250,0.6997531437336186,0.541425572822131,2024-10-09 08:53:52.673869,2024-10-09 08:53:55.711767,0 days 00:00:03.037898,0.0390255398806888,6,0.6499888715437057,298,5,COMPLETE
251,0.5643785140353068,0.5296652178938541,2024-10-09 08:53:55.712206,2024-10-09 08:53:57.646250,0 days 00:00:01.934044,0.02769284627411457,4,0.6649009478750881,298,5,COMPLETE
252,0.5689194786854654,0.5324571712067038,2024-10-09 08:53:57.646673,2024-10-09 08:53:58.263521,0 days 00:00:00.616848,0.09374966342190862,4,0.7176142847578652,91,5,COMPLETE
253,0.9845926985686186,0.5113572044467587,2024-10-09 08:53:58.263864,2024-10-09 08:54:03.135508,0 days 00:00:04.871644,0.08182098781742336,9,0.9284998596100196,298,5,COMPLETE
254,0.5646139032852795,0.530710389311448,2024-10-09 08:54:03.135958,2024-10-09 08:54:03.794777,0 days 00:00:00.658819,0.08182098781742336,4,0.8064827183758972,95,5,COMPLETE
255,0.8611527170811684,0.5349423480878434,2024-10-09 08:54:03.795130,2024-10-09 08:54:05.470806,0 days 00:00:01.675676,0.08182098781742336,9,0.8064827183758972,95,5,COMPLETE
256,0.5745407723735912,0.5332820270581041,2024-10-09 08:54:05.471226,2024-10-09 08:54:06.695643,0 days 00:00:01.224417,0.09374966342190862,3,0.5827011375096942,235,5,COMPLETE
257,0.5858511910593374,0.5306373343131624,2024-10-09 08:54:06.696044,2024-10-09 08:54:08.214132,0 days 00:00:01.518088,0.05977538976411079,4,0.9515055232487976,211,5,COMPLETE
258,0.8645334191705787,0.5300629512666296,2024-10-09 08:54:08.214539,2024-10-09 08:54:10.927552,0 days 00:00:02.713013,0.07016013437020037,8,0.8064827183758972,173,5,COMPLETE
259,0.8921186351113403,0.5244883299001738,2024-10-09 08:54:10.927977,2024-10-09 08:54:13.011512,0 days 00:00:02.083535,0.05742866098947423,10,0.8064827183758972,95,5,COMPLETE
260,0.7404711131909305,0.5358122779691592,2024-10-09 08:54:13.011940,2024-10-09 08:54:15.394086,0 days 00:00:02.382146,0.053829228277327605,6,0.6784668910743985,294,5,COMPLETE
261,0.9885609784026674,0.5171534608152208,2024-10-09 08:54:15.394580,2024-10-09 08:54:20.102460,0 days 00:00:04.707880,0.06426364576431107,10,0.9771103021099896,266,5,COMPLETE
262,0.7235799603450653,0.5402793503845033,2024-10-09 08:54:20.102931,2024-10-09 08:54:22.282405,0 days 00:00:02.179474,0.05598672639634898,6,0.8877208546896888,266,5,COMPLETE
263,0.9357002723595567,0.5293184942803406,2024-10-09 08:54:22.282867,2024-10-09 08:54:27.441514,0 days 00:00:05.158647,0.044258082472027074,9,0.725348762191607,298,5,COMPLETE
264,0.8611527170811684,0.5349423480878434,2024-10-09 08:54:27.441986,2024-10-09 08:54:29.168667,0 days 00:00:01.726681,0.08182098781742336,9,0.8064827183758972,95,5,COMPLETE
265,0.9493307715517693,0.5215782338843066,2024-10-09 08:54:29.169116,2024-10-09 08:54:32.341423,0 days 00:00:03.172307,0.06408337650969996,10,0.5827011375096942,146,5,COMPLETE
266,0.9506661824941194,0.5154016306853274,2024-10-09 08:54:32.341868,2024-10-09 08:54:35.796619,0 days 00:00:03.454751,0.09517102354015197,8,0.6134510579679664,235,5,COMPLETE
267,0.7739958322218499,0.5286249235631519,2024-10-09 08:54:35.797082,2024-10-09 08:54:38.917737,0 days 00:00:03.120655,0.06500059834934517,6,0.5356071607778772,298,5,COMPLETE
268,0.6992655788243353,0.5414530582939008,2024-10-09 08:54:38.918192,2024-10-09 08:54:40.747383,0 days 00:00:01.829191,0.07016013437020037,6,0.6499888715437057,173,5,COMPLETE
269,0.9835941554143109,0.522278992372408,2024-10-09 08:54:40.747823,2024-10-09 08:54:44.779975,0 days 00:00:04.032152,0.09374966342190862,9,0.6134510579679664,231,5,COMPLETE
270,0.5536568687284529,0.5330318828742647,2024-10-09 08:54:44.780418,2024-10-09 08:54:46.652950,0 days 00:00:01.872532,0.0390255398806888,3,0.9284998596100196,298,5,COMPLETE
271,0.855999636527035,0.5241421423237049,2024-10-09 08:54:46.653382,2024-10-09 08:54:51.017384,0 days 00:00:04.364002,0.0390255398806888,8,0.7909156205464412,290,5,COMPLETE
272,0.8956576404702686,0.5260448494183992,2024-10-09 08:54:51.017839,2024-10-09 08:54:55.618391,0 days 00:00:04.600552,0.038508901715800396,9,0.7247942453412208,258,5,COMPLETE
273,0.9888396939419369,0.5147004339833259,2024-10-09 08:54:55.618854,2024-10-09 08:55:00.688933,0 days 00:00:05.070079,0.08182098781742336,9,0.8064827183758972,298,5,COMPLETE
274,0.759647825383244,0.5339036148877744,2024-10-09 08:55:00.689393,2024-10-09 08:55:03.695551,0 days 00:00:03.006158,0.06134683971630129,6,0.5827011375096942,294,5,COMPLETE
275,0.8656610801298987,0.5332085562650163,2024-10-09 08:55:03.695981,2024-10-09 08:55:06.279409,0 days 00:00:02.583428,0.07016013437020037,8,0.8742144637669689,173,5,COMPLETE
276,0.9475652155480059,0.5214723485298016,2024-10-09 08:55:06.279841,2024-10-09 08:55:13.013536,0 days 00:00:06.733695,0.03288580826960303,10,0.6134510579679664,294,5,COMPLETE
277,0.8212739510309608,0.5222718410980246,2024-10-09 08:55:13.014003,2024-10-09 08:55:16.015135,0 days 00:00:03.001132,0.09374966342190862,6,0.942068615171271,294,5,COMPLETE
278,0.7276536508771361,0.5349843877515473,2024-10-09 08:55:16.015564,2024-10-09 08:55:18.220124,0 days 00:00:02.204560,0.06741433201530245,6,0.5827011375096942,211,5,COMPLETE
279,0.8300491160367889,0.5340124737056566,2024-10-09 08:55:18.220554,2024-10-09 08:55:22.598416,0 days 00:00:04.377862,0.027532638090089996,9,0.9659218809753098,235,5,COMPLETE
280,0.9821702638804936,0.5192327118993704,2024-10-09 08:55:22.598869,2024-10-09 08:55:26.443753,0 days 00:00:03.844884,0.08182098781742336,10,0.5827011375096942,177,5,COMPLETE
281,0.9690994655407921,0.5200963789748401,2024-10-09 08:55:26.444216,2024-10-09 08:55:31.468446,0 days 00:00:05.024230,0.05023408907919576,10,0.5827011375096942,235,5,COMPLETE
282,0.970291488619906,0.524559917196743,2024-10-09 08:55:31.468912,2024-10-09 08:55:35.237711,0 days 00:00:03.768799,0.06741433201530245,10,0.5827011375096942,177,5,COMPLETE
283,0.7099443805285546,0.5406681254271923,2024-10-09 08:55:35.238158,2024-10-09 08:55:38.359597,0 days 00:00:03.121439,0.044258082472027074,6,0.7909156205464412,294,5,COMPLETE
284,0.9511423807494634,0.5224780357315532,2024-10-09 08:55:38.360036,2024-10-09 08:55:44.062287,0 days 00:00:05.702251,0.0390255398806888,10,0.9771103021099896,266,5,COMPLETE
285,0.9497170234293774,0.5187983680220807,2024-10-09 08:55:44.062754,2024-10-09 08:55:49.319975,0 days 00:00:05.257221,0.05029609400012953,9,0.5827011375096942,298,5,COMPLETE
286,0.8150138681696998,0.5342439791723099,2024-10-09 08:55:49.320447,2024-10-09 08:55:52.575133,0 days 00:00:03.254686,0.032290188982463365,9,0.8742144637669689,173,5,COMPLETE
287,0.9717785939382905,0.5206651705632438,2024-10-09 08:55:52.575565,2024-10-09 08:55:56.642305,0 days 00:00:04.066740,0.08182098781742336,9,0.7704500052737466,235,5,COMPLETE
288,0.6064943339511291,0.5343088798370202,2024-10-09 08:55:56.642759,2024-10-09 08:55:59.979161,0 days 00:00:03.336402,0.012111927176506904,6,0.8064827183758972,298,5,COMPLETE
289,0.9792850107635872,0.5122616562445681,2024-10-09 08:55:59.979604,2024-10-09 08:56:04.497976,0 days 00:00:04.518372,0.08253672288606748,9,0.8877208546896888,266,5,COMPLETE
290,0.8505287429580157,0.5353052814527818,2024-10-09 08:56:04.498434,2024-10-09 08:56:06.350320,0 days 00:00:01.851886,0.07145318614018284,9,0.5356071607778772,99,5,COMPLETE
291,0.5474728313456036,0.524232731712528,2024-10-09 08:56:06.350756,2024-10-09 08:56:06.935678,0 days 00:00:00.584922,0.05742866098947423,4,0.8742144637669689,82,5,COMPLETE
292,0.8389038416695114,0.5297298156636167,2024-10-09 08:56:06.936028,2024-10-09 08:56:12.724686,0 days 00:00:05.788658,0.02251102491143277,9,0.8064827183758972,298,5,COMPLETE
293,0.5777861341508448,0.5385657356083499,2024-10-09 08:56:12.725139,2024-10-09 08:56:14.242291,0 days 00:00:01.517152,0.08554743407186201,3,0.6721011505869439,260,5,COMPLETE
294,0.8488673823587862,0.5347593368967793,2024-10-09 08:56:14.242706,2024-10-09 08:56:16.713448,0 days 00:00:02.470742,0.053829228277327605,9,0.8272168629111862,131,5,COMPLETE
295,0.7826686149518669,0.5266961138322351,2024-10-09 08:56:16.713893,2024-10-09 08:56:18.199146,0 days 00:00:01.485253,0.047700442838396875,9,0.5652595504661115,73,5,COMPLETE
296,0.5617386086761054,0.5314415115414736,2024-10-09 08:56:18.199584,2024-10-09 08:56:19.955598,0 days 00:00:01.756014,0.05029609400012953,3,0.7858002942919786,298,5,COMPLETE
297,0.9110883286123476,0.5276828302550941,2024-10-09 08:56:19.956033,2024-10-09 08:56:24.529770,0 days 00:00:04.573737,0.033018984938638314,10,0.945252690082296,211,5,COMPLETE
298,0.8481358565926012,0.5359723828039072,2024-10-09 08:56:24.530232,2024-10-09 08:56:26.376655,0 days 00:00:01.846423,0.07145318614018284,9,0.5394030703625534,99,5,COMPLETE
299,0.9963700024816984,0.5114520894650928,2024-10-09 08:56:26.377089,2024-10-09 08:56:31.753775,0 days 00:00:05.376686,0.08182098781742336,10,0.5585148923981624,266,5,COMPLETE
